{"cameraMode":{"drawMode":0,"name":"Shaded","section":"Shading Mode"},"sceneLighting":true,"audioPlay":false,"sceneViewState":{"m_AlwaysRefresh":false,"showFog":true,"showSkybox":true,"showFlares":true,"showImageEffects":true,"showParticleSystems":true,"showVisualEffectGraphs":true,"m_FxEnabled":true},"in2DMode":false,"pivot":{"x":-13.170445442199707,"y":45.626869201660159,"z":-12.016541481018067},"rotation":{"x":0.014334267936646939,"y":-0.9837628602981567,"z":0.15331032872200013,"w":0.09839998185634613},"size":25.888973236083986,"orthographic":false}