{"cameraMode":{"drawMode":0,"name":"Shaded","section":"Shading Mode"},"sceneLighting":true,"audioPlay":false,"sceneViewState":{"m_AlwaysRefresh":false,"showFog":true,"showSkybox":true,"showFlares":true,"showImageEffects":true,"showParticleSystems":true,"showVisualEffectGraphs":true,"m_FxEnabled":true},"in2DMode":false,"pivot":{"x":-82.86927032470703,"y":15.217752456665039,"z":7.398256778717041},"rotation":{"x":0.09865730255842209,"y":0.8983725309371948,"z":-0.26214590668678286,"w":0.33918190002441409},"size":52.49045944213867,"orthographic":false}