{"cameraMode":{"drawMode":0,"name":"Shaded","section":"Shading Mode"},"sceneLighting":true,"audioPlay":false,"sceneViewState":{"m_AlwaysRefresh":false,"showFog":true,"showSkybox":true,"showFlares":true,"showImageEffects":true,"showParticleSystems":true,"showVisualEffectGraphs":true,"m_FxEnabled":true},"in2DMode":false,"pivot":{"x":0.6391356587409973,"y":3.8090732097625734,"z":10.704156875610352},"rotation":{"x":-0.07160567492246628,"y":0.35406672954559328,"z":-0.027639389038085939,"w":-0.9323199391365051},"size":20.23981475830078,"orthographic":false}