{"cameraMode":{"drawMode":0,"name":"Shaded","section":"Shading Mode"},"sceneLighting":true,"audioPlay":false,"sceneViewState":{"m_AlwaysRefresh":false,"showFog":true,"showSkybox":true,"showFlares":true,"showImageEffects":true,"showParticleSystems":true,"showVisualEffectGraphs":true,"m_FxEnabled":true},"in2DMode":false,"pivot":{"x":-19.969999313354493,"y":29.229999542236329,"z":-3.049999952316284},"rotation":{"x":-0.008666801266372204,"y":-0.9800896644592285,"z":0.04111442342400551,"w":-0.19743266701698304},"size":2.2370219230651857,"orthographic":false}